[
  {
      "model": "auth.group",
      "fields": {
          "name": "CM",
          "permissions": []
      }
  },
  {
      "model": "auth.user",
      "fields": {
          "password": "pbkdf2_sha256$216000$84ccRVhYWnIA$yeNUFbCojrkWB31kZubPWCm5dH0ZWNNXgwNYbz1vRSY=",
          "last_login": "2021-09-28T13:41:01.340Z",
          "is_superuser": true,
          "username": "sa",
          "first_name": "",
          "last_name": "",
          "email": "aa@aa.aa",
          "is_staff": true,
          "is_active": true,
          "date_joined": "2021-05-06T15:43:03.317Z",
          "groups": [],
          "user_permissions": []
      }
  },
  {
      "model": "auth.user",
      "fields": {
          "password": "pbkdf2_sha256$216000$LSounjFhk5QS$+8oLWP33smTPfj0M8tV7fgNe3VLwuB/GFOH3SqlL6j4=",
          "last_login": "2021-09-27T15:20:56.500Z",
          "is_superuser": false,
          "username": "content.manager@92newshd.tv",
          "first_name": "",
          "last_name": "",
          "email": "",
          "is_staff": true,
          "is_active": true,
          "date_joined": "2021-09-27T15:17:38Z",
          "groups": [
              [
                  "CM"
              ]
          ],
          "user_permissions": []
      }
  },
  {
    "model": "website.usertimezone",
    "pk": 1,
    "fields": {
      "user": 1,
      "timezone": null
    }
  },
  {
    "model": "website.usertimezone",
    "pk": 2,
    "fields": {
      "user": 2,
      "timezone": null
    }
  },
  {
    "model": "website.menu",
    "pk": 1,
    "fields": {
      "name": "main menu",
      "active": true,
      "parent_id": null
    }
  },
  {
    "model": "website.menu",
    "pk": 2,
    "fields": {
      "name": "Pages",
      "active": true,
      "parent_id": 1
    }
  },
  {
    "model": "website.menuitem",
    "pk": 1,
    "fields": {
      "name": "About My Menu",
      "prefix": "pages",
      "slug": "about-us",
      "priority": 99,
      "active": true,
      "menu_id": 2,
      "link": "/pages/about-us"
    }
  },
  {
    "model": "website.menuitem",
    "pk": 2,
    "fields": {
      "name": "cat 1",
      "prefix": "blog/category",
      "slug": "cat-1",
      "priority": 99,
      "active": true,
      "menu_id": 1,
      "link": "/blog/category/cat-1"
    }
  },
  {
    "model": "djangocms_blog.blogconfigtranslation",
    "pk": 1,
    "fields": {
      "language_code": "en",
      "app_title": "Blog",
      "object_name": "Article",
      "master": 1
    }
  },
  {
    "model": "djangocms_blog.blogconfig",
    "pk": 1,
    "fields": {
      "type": "djangocms_blog.cms_appconfig.BlogConfig",
      "namespace": "Blog",
      "app_data": "{}"
    }
  },
  {
    "model": "djangocms_blog.blogcategorytranslation",
    "pk": 1,
    "fields": {
      "language_code": "en",
      "name": "cat 1",
      "slug": "cat-1",
      "meta_description": "first cat",
      "master": 1
    }
  },
  {
    "model": "djangocms_blog.blogcategorytranslation",
    "pk": 2,
    "fields": {
      "language_code": "en",
      "name": "cat 2",
      "slug": "cat-2",
      "meta_description": "2nd cat",
      "master": 2
    }
  },
  {
    "model": "djangocms_blog.blogcategorytranslation",
    "pk": 3,
    "fields": {
      "language_code": "en",
      "name": "cat 3",
      "slug": "cat-3",
      "meta_description": "third cat",
      "master": 3
    }
  },
  {
    "model": "djangocms_blog.blogcategorytranslation",
    "pk": 4,
    "fields": {
      "language_code": "en",
      "name": "cat 4",
      "slug": "cat-4",
      "meta_description": "4th cat",
      "master": 4
    }
  },
  {
    "model": "djangocms_blog.blogcategory",
    "pk": 1,
    "fields": {
      "parent": null,
      "date_created": "2022-04-25T08:30:18.580Z",
      "date_modified": "2022-04-25T08:30:18.580Z",
      "app_config": 1
    }
  },
  {
    "model": "djangocms_blog.blogcategory",
    "pk": 2,
    "fields": {
      "parent": null,
      "date_created": "2022-04-25T08:30:26.505Z",
      "date_modified": "2022-04-25T08:30:26.505Z",
      "app_config": 1
    }
  },
  {
    "model": "djangocms_blog.blogcategory",
    "pk": 3,
    "fields": {
      "parent": null,
      "date_created": "2022-04-25T08:30:42.609Z",
      "date_modified": "2022-04-25T08:30:42.610Z",
      "app_config": 1
    }
  },
  {
    "model": "djangocms_blog.blogcategory",
    "pk": 4,
    "fields": {
      "parent": 2,
      "date_created": "2022-04-25T08:31:05.914Z",
      "date_modified": "2022-04-25T08:31:05.914Z",
      "app_config": 1
    }
  },
  {
    "model": "djangocms_blog.posttranslation",
    "pk": 1,
    "fields": {
      "language_code": "en",
      "title": "post 1",
      "slug": "post-1",
      "subtitle": "",
      "abstract": "<p>Love post</p>\n\n<p>Hello 1</p>",
      "meta_description": "",
      "meta_keywords": "",
      "meta_title": "",
      "post_text": "",
      "master": 1
    }
  },
  {
    "model": "djangocms_blog.post",
    "pk": 1,
    "fields": {
      "author": 1,
      "date_created": "2022-04-25T08:33:02.638Z",
      "date_modified": "2022-04-25T08:50:11.359Z",
      "date_published": "2022-04-25T08:33:02Z",
      "date_published_end": null,
      "date_featured": null,
      "publish": true,
      "main_image": 1,
      "main_image_thumbnail": null,
      "main_image_full": null,
      "enable_comments": true,
      "app_config": 1,
      "media": 6,
      "content": 7,
      "liveblog": 8,
      "enable_liveblog": false,
      "categories": [
        1,
        3
      ],
      "sites": [
        1
      ],
      "related": []
    }
  },
  {
    "model": "djangocms_blog.latestpostsplugin",
    "pk": 1,
    "fields": {
      "app_config": null,
      "current_site": true,
      "template_folder": "plugins",
      "latest_posts": 5,
      "categories": []
    }
  },
  {
    "model": "djangocms_blog.latestpostsplugin",
    "pk": 2,
    "fields": {
      "app_config": null,
      "current_site": true,
      "template_folder": "plugins",
      "latest_posts": 5,
      "categories": []
    }
  },
  {
    "model": "sessions.session",
    "pk": "innhbabi3wd1rkrmsxddk1vj7e3grejt",
    "fields": {
      "session_data": ".eJxVjjFvwjAQhf-L5ypKMA4xY6WoQigwhIUu1tl3btyGuLIdGKr-dxyVoazve--7-2EK5jSoOVJQDtmWVezlf6bBfNG0APyE6cMXxk8pOF0sleJBY9F5pPH10X0SDBCHvJYEsiQtKkQtxZrjZlOaagXEobY1XxPwxuCKY9k0Vjd2SYUopcwnamFFlp52Xft-PLSqb_t-dzyofXvO5rfulKG5RJW8HzUEhS6CHik_bWGM9AcJXXoKvgNdHd3YNoWZfu871lhm:1niuQV:Ald8TipkDLW9NCSGOgm3lmma6IiDCges4zvgtrxP2pA",
      "expire_date": "2022-05-09T08:50:35.825Z"
    }
  },
  {
    "model": "sites.site",
    "pk": 1,
    "fields": {
      "domain": "127.0.0.1:8000",
      "name": "127-local"
    }
  },
  {
    "model": "cms.usersettings",
    "pk": 1,
    "fields": {
      "user": 1,
      "language": "en",
      "clipboard": 5
    }
  },
  {
    "model": "cms.treenode",
    "pk": 1,
    "fields": {
      "path": "0001",
      "depth": 1,
      "numchild": 1,
      "parent": null,
      "site": 1
    }
  },
  {
    "model": "cms.treenode",
    "pk": 2,
    "fields": {
      "path": "00010001",
      "depth": 2,
      "numchild": 0,
      "parent": 1,
      "site": 1
    }
  },
  {
    "model": "cms.treenode",
    "pk": 3,
    "fields": {
      "path": "0002",
      "depth": 1,
      "numchild": 0,
      "parent": null,
      "site": 1
    }
  },
  {
    "model": "cms.page",
    "pk": 1,
    "fields": {
      "created_by": "script",
      "changed_by": "sa",
      "creation_date": "2022-04-25T08:23:33.599Z",
      "changed_date": "2022-04-25T08:23:33.651Z",
      "publication_date": "2022-04-25T08:23:33.613Z",
      "publication_end_date": null,
      "in_navigation": true,
      "soft_root": false,
      "reverse_id": null,
      "navigation_extenders": null,
      "template": "fullwidth.html",
      "login_required": false,
      "limit_visibility_in_menu": null,
      "is_home": true,
      "application_urls": null,
      "application_namespace": null,
      "publisher_is_draft": true,
      "publisher_public": 2,
      "languages": "en",
      "xframe_options": 0,
      "is_page_type": false,
      "node": 1,
      "placeholders": [
        1
      ]
    }
  },
  {
    "model": "cms.page",
    "pk": 2,
    "fields": {
      "created_by": "script",
      "changed_by": "sa",
      "creation_date": "2022-04-25T08:23:33.613Z",
      "changed_date": "2022-04-25T08:39:22.944Z",
      "publication_date": "2022-04-25T08:23:33.613Z",
      "publication_end_date": null,
      "in_navigation": true,
      "soft_root": false,
      "reverse_id": null,
      "navigation_extenders": null,
      "template": "fullwidth.html",
      "login_required": false,
      "limit_visibility_in_menu": null,
      "is_home": true,
      "application_urls": null,
      "application_namespace": null,
      "publisher_is_draft": false,
      "publisher_public": 1,
      "languages": "en",
      "xframe_options": 0,
      "is_page_type": false,
      "node": 1,
      "placeholders": [
        2
      ]
    }
  },
  {
    "model": "cms.page",
    "pk": 3,
    "fields": {
      "created_by": "script",
      "changed_by": "script",
      "creation_date": "2022-04-25T08:23:33.665Z",
      "changed_date": "2022-04-25T08:23:33.697Z",
      "publication_date": "2022-04-25T08:23:33.682Z",
      "publication_end_date": null,
      "in_navigation": true,
      "soft_root": false,
      "reverse_id": null,
      "navigation_extenders": null,
      "template": "fullwidth.html",
      "login_required": false,
      "limit_visibility_in_menu": null,
      "is_home": false,
      "application_urls": "BlogApp",
      "application_namespace": "Blog",
      "publisher_is_draft": true,
      "publisher_public": 4,
      "languages": "en",
      "xframe_options": 0,
      "is_page_type": false,
      "node": 2,
      "placeholders": [
        3
      ]
    }
  },
  {
    "model": "cms.page",
    "pk": 4,
    "fields": {
      "created_by": "script",
      "changed_by": "script",
      "creation_date": "2022-04-25T08:23:33.682Z",
      "changed_date": "2022-04-25T08:23:33.701Z",
      "publication_date": "2022-04-25T08:23:33.682Z",
      "publication_end_date": null,
      "in_navigation": true,
      "soft_root": false,
      "reverse_id": null,
      "navigation_extenders": null,
      "template": "fullwidth.html",
      "login_required": false,
      "limit_visibility_in_menu": null,
      "is_home": false,
      "application_urls": "BlogApp",
      "application_namespace": "Blog",
      "publisher_is_draft": false,
      "publisher_public": 3,
      "languages": "en",
      "xframe_options": 0,
      "is_page_type": false,
      "node": 2,
      "placeholders": [
        4
      ]
    }
  },
  {
    "model": "cms.page",
    "pk": 5,
    "fields": {
      "created_by": "sa",
      "changed_by": "sa",
      "creation_date": "2022-04-25T08:34:02.822Z",
      "changed_date": "2022-04-25T08:37:23.556Z",
      "publication_date": "2022-04-25T08:34:13.133Z",
      "publication_end_date": null,
      "in_navigation": true,
      "soft_root": false,
      "reverse_id": null,
      "navigation_extenders": null,
      "template": "INHERIT",
      "login_required": false,
      "limit_visibility_in_menu": null,
      "is_home": false,
      "application_urls": "",
      "application_namespace": null,
      "publisher_is_draft": true,
      "publisher_public": 6,
      "languages": "en",
      "xframe_options": 0,
      "is_page_type": false,
      "node": 3,
      "placeholders": [
        9
      ]
    }
  },
  {
    "model": "cms.page",
    "pk": 6,
    "fields": {
      "created_by": "sa",
      "changed_by": "sa",
      "creation_date": "2022-04-25T08:34:13.133Z",
      "changed_date": "2022-04-25T08:49:34.396Z",
      "publication_date": "2022-04-25T08:34:13.133Z",
      "publication_end_date": null,
      "in_navigation": true,
      "soft_root": false,
      "reverse_id": null,
      "navigation_extenders": null,
      "template": "INHERIT",
      "login_required": false,
      "limit_visibility_in_menu": null,
      "is_home": false,
      "application_urls": "",
      "application_namespace": null,
      "publisher_is_draft": false,
      "publisher_public": 5,
      "languages": "en",
      "xframe_options": 0,
      "is_page_type": false,
      "node": 3,
      "placeholders": [
        10
      ]
    }
  },
  {
    "model": "cms.placeholder",
    "pk": 1,
    "fields": {
      "slot": "content",
      "default_width": null
    }
  },
  {
    "model": "cms.placeholder",
    "pk": 2,
    "fields": {
      "slot": "content",
      "default_width": null
    }
  },
  {
    "model": "cms.placeholder",
    "pk": 3,
    "fields": {
      "slot": "content",
      "default_width": null
    }
  },
  {
    "model": "cms.placeholder",
    "pk": 4,
    "fields": {
      "slot": "content",
      "default_width": null
    }
  },
  {
    "model": "cms.placeholder",
    "pk": 5,
    "fields": {
      "slot": "clipboard",
      "default_width": null
    }
  },
  {
    "model": "cms.placeholder",
    "pk": 6,
    "fields": {
      "slot": "media",
      "default_width": null
    }
  },
  {
    "model": "cms.placeholder",
    "pk": 7,
    "fields": {
      "slot": "post_content",
      "default_width": null
    }
  },
  {
    "model": "cms.placeholder",
    "pk": 8,
    "fields": {
      "slot": "live_blog",
      "default_width": null
    }
  },
  {
    "model": "cms.placeholder",
    "pk": 9,
    "fields": {
      "slot": "content",
      "default_width": null
    }
  },
  {
    "model": "cms.placeholder",
    "pk": 10,
    "fields": {
      "slot": "content",
      "default_width": null
    }
  },
  {
    "model": "cms.cmsplugin",
    "pk": 1,
    "fields": {
      "path": "0001",
      "depth": 1,
      "numchild": 0,
      "placeholder": 1,
      "parent": null,
      "position": 0,
      "language": "en",
      "plugin_type": "BlogLatestEntriesPlugin",
      "creation_date": "2022-04-25T08:39:16.542Z",
      "changed_date": "2022-04-25T08:39:16.552Z"
    }
  },
  {
    "model": "cms.cmsplugin",
    "pk": 2,
    "fields": {
      "path": "0002",
      "depth": 1,
      "numchild": 0,
      "placeholder": 2,
      "parent": null,
      "position": 0,
      "language": "en",
      "plugin_type": "BlogLatestEntriesPlugin",
      "creation_date": "2022-04-25T08:39:16.542Z",
      "changed_date": "2022-04-25T08:39:22.970Z"
    }
  },
  {
    "model": "cms.cmsplugin",
    "pk": 3,
    "fields": {
      "path": "0003",
      "depth": 1,
      "numchild": 0,
      "placeholder": 9,
      "parent": null,
      "position": 0,
      "language": "en",
      "plugin_type": "TextPlugin",
      "creation_date": "2022-04-25T08:48:46.566Z",
      "changed_date": "2022-04-25T08:49:32.098Z"
    }
  },
  {
    "model": "cms.cmsplugin",
    "pk": 4,
    "fields": {
      "path": "0004",
      "depth": 1,
      "numchild": 0,
      "placeholder": 10,
      "parent": null,
      "position": 0,
      "language": "en",
      "plugin_type": "TextPlugin",
      "creation_date": "2022-04-25T08:48:46.566Z",
      "changed_date": "2022-04-25T08:49:34.430Z"
    }
  },
  {
    "model": "cms.title",
    "pk": 1,
    "fields": {
      "language": "en",
      "title": "Home",
      "page_title": null,
      "menu_title": null,
      "meta_description": null,
      "slug": "home",
      "path": "",
      "has_url_overwrite": false,
      "redirect": null,
      "page": 1,
      "creation_date": "2022-04-25T08:23:33.611Z",
      "published": true,
      "publisher_is_draft": true,
      "publisher_public": 2,
      "publisher_state": 0
    }
  },
  {
    "model": "cms.title",
    "pk": 2,
    "fields": {
      "language": "en",
      "title": "Home",
      "page_title": null,
      "menu_title": null,
      "meta_description": null,
      "slug": "home",
      "path": "",
      "has_url_overwrite": false,
      "redirect": null,
      "page": 2,
      "creation_date": "2022-04-25T08:23:33.611Z",
      "published": true,
      "publisher_is_draft": false,
      "publisher_public": 1,
      "publisher_state": 0
    }
  },
  {
    "model": "cms.title",
    "pk": 3,
    "fields": {
      "language": "en",
      "title": "Blog",
      "page_title": null,
      "menu_title": null,
      "meta_description": null,
      "slug": "blog",
      "path": "blog",
      "has_url_overwrite": false,
      "redirect": null,
      "page": 3,
      "creation_date": "2022-04-25T08:23:33.679Z",
      "published": true,
      "publisher_is_draft": true,
      "publisher_public": 4,
      "publisher_state": 0
    }
  },
  {
    "model": "cms.title",
    "pk": 4,
    "fields": {
      "language": "en",
      "title": "Blog",
      "page_title": null,
      "menu_title": null,
      "meta_description": null,
      "slug": "blog",
      "path": "blog",
      "has_url_overwrite": false,
      "redirect": null,
      "page": 4,
      "creation_date": "2022-04-25T08:23:33.679Z",
      "published": true,
      "publisher_is_draft": false,
      "publisher_public": 3,
      "publisher_state": 0
    }
  },
  {
    "model": "cms.title",
    "pk": 5,
    "fields": {
      "language": "en",
      "title": "About Page",
      "page_title": "About Page Title",
      "menu_title": "About Us",
      "meta_description": "about love",
      "slug": "about-page",
      "path": "pages/about-us",
      "has_url_overwrite": true,
      "redirect": null,
      "page": 5,
      "creation_date": "2022-04-25T08:34:02.824Z",
      "published": true,
      "publisher_is_draft": true,
      "publisher_public": 6,
      "publisher_state": 0
    }
  },
  {
    "model": "cms.title",
    "pk": 6,
    "fields": {
      "language": "en",
      "title": "About Page",
      "page_title": "About Page Title",
      "menu_title": "About Us",
      "meta_description": "about love",
      "slug": "about-page",
      "path": "pages/about-us",
      "has_url_overwrite": true,
      "redirect": null,
      "page": 6,
      "creation_date": "2022-04-25T08:34:02.824Z",
      "published": true,
      "publisher_is_draft": false,
      "publisher_public": 5,
      "publisher_state": 0
    }
  },
  {
    "model": "cms.urlconfrevision",
    "pk": 1,
    "fields": {
      "revision": "2589018b-93aa-4c94-9272-dab34be766f9"
    }
  },
  {
    "model": "menus.cachekey",
    "pk": 6,
    "fields": {
      "language": "en",
      "site": 1,
      "key": "cms_3.8.0_menu_nodes_en_1_1_user:public"
    }
  },
  {
    "model": "djangocms_text_ckeditor.text",
    "pk": 3,
    "fields": {
      "body": "<h3>This is about page</h3>"
    }
  },
  {
    "model": "djangocms_text_ckeditor.text",
    "pk": 4,
    "fields": {
      "body": "<h3>This is about page</h3>"
    }
  },
  {
    "model": "filer.file",
    "pk": 1,
    "fields": {
      "polymorphic_ctype": 49,
      "folder": null,
      "file": "filer_public/41/ea/41eac68e-9926-4153-bc00-6a20a4c2df86/screenshot_from_2022-04-12_13-14-04.png",
      "_file_size": 446299,
      "sha1": "3a032c6b0eed21a998cd7cac6aaf7541cde58a46",
      "has_all_mandatory_data": false,
      "original_filename": "Screenshot from 2022-04-12 13-14-04.png",
      "name": "",
      "description": null,
      "owner": 1,
      "uploaded_at": "2022-04-25T08:40:22.477Z",
      "modified_at": "2022-04-25T08:40:22.477Z",
      "is_public": true,
      "mime_type": "image/png"
    }
  },
  {
    "model": "filer.image",
    "pk": 1,
    "fields": {
      "_height": 637.0,
      "_width": 1015.0,
      "default_alt_text": null,
      "default_caption": null,
      "subject_location": "",
      "date_taken": "2022-04-25T08:40:22.468Z",
      "author": null,
      "must_always_publish_author_credit": false,
      "must_always_publish_copyright": false
    }
  },
  {
    "model": "easy_thumbnails.source",
    "pk": 1,
    "fields": {
      "storage_hash": "f9bde26a1556cd667f742bd34ec7c55e",
      "name": "filer_public/41/ea/41eac68e-9926-4153-bc00-6a20a4c2df86/screenshot_from_2022-04-12_13-14-04.png",
      "modified": "2022-04-25T08:50:03.948Z"
    }
  },
  {
    "model": "easy_thumbnails.thumbnail",
    "pk": 1,
    "fields": {
      "storage_hash": "f9bde26a1556cd667f742bd34ec7c55e",
      "name": "filer_public_thumbnails/filer_public/41/ea/41eac68e-9926-4153-bc00-6a20a4c2df86/screenshot_from_2022-04-12_13-14-04.png__180x180_crop_subsampling-2_upscale.png",
      "modified": "2022-04-25T08:40:22.609Z",
      "source": 1
    }
  },
  {
    "model": "easy_thumbnails.thumbnail",
    "pk": 2,
    "fields": {
      "storage_hash": "f9bde26a1556cd667f742bd34ec7c55e",
      "name": "filer_public_thumbnails/filer_public/41/ea/41eac68e-9926-4153-bc00-6a20a4c2df86/screenshot_from_2022-04-12_13-14-04.png__120x120_crop_subsampling-2.png",
      "modified": "2022-04-25T08:40:28.100Z",
      "source": 1
    }
  },
  {
    "model": "easy_thumbnails.thumbnail",
    "pk": 3,
    "fields": {
      "storage_hash": "f9bde26a1556cd667f742bd34ec7c55e",
      "name": "filer_public_thumbnails/filer_public/41/ea/41eac68e-9926-4153-bc00-6a20a4c2df86/screenshot_from_2022-04-12_13-14-04.png__80x80_crop_subsampling-2.png",
      "modified": "2022-04-25T08:50:03.953Z",
      "source": 1
    }
  },
  {
    "model": "easy_thumbnails.thumbnail",
    "pk": 4,
    "fields": {
      "storage_hash": "f9bde26a1556cd667f742bd34ec7c55e",
      "name": "filer_public_thumbnails/filer_public/41/ea/41eac68e-9926-4153-bc00-6a20a4c2df86/screenshot_from_2022-04-12_13-14-04.png__160x160_crop_subsampling-2.png",
      "modified": "2022-04-25T08:50:04.002Z",
      "source": 1
    }
  },
  {
    "model": "taggit.tag",
    "pk": 1,
    "fields": {
      "name": "tag 1",
      "slug": "tag-1"
    }
  },
  {
    "model": "taggit.tag",
    "pk": 2,
    "fields": {
      "name": "tag 2",
      "slug": "tag-2"
    }
  },
  {
    "model": "taggit.tag",
    "pk": 3,
    "fields": {
      "name": "tag3",
      "slug": "tag3"
    }
  },
  {
    "model": "taggit.taggeditem",
    "pk": 1,
    "fields": {
      "tag": 1,
      "content_type": 17,
      "object_id": 1
    }
  },
  {
    "model": "taggit.taggeditem",
    "pk": 2,
    "fields": {
      "tag": 2,
      "content_type": 17,
      "object_id": 1
    }
  },
  {
    "model": "taggit.taggeditem",
    "pk": 3,
    "fields": {
      "tag": 3,
      "content_type": 17,
      "object_id": 1
    }
  }
]